0.381f02+0.378f03+0.346f07+0.336f05+0.336f08...,0.907f09-0.255f06-0.229f07+0.166f05-0.142f01...,-0.863f01+0.425f04+0.195f07+0.125f08+0.106f05...,-0.535f06-0.465f04+0.448f08+0.392f05-0.249f09...,-0.671f05+0.649f08+0.251f07-0.137f02+0.128f09...,class
-1.569398,-0.051377,-0.269657,0.015484,0.124409,1
-2.068258,0.237998,0.182971,0.097199,-0.12649,1
-1.92632,0.143899,0.263098,0.092695,-0.023552,1
1.299697,-1.188921,-1.390128,-1.710649,-0.423537,-1
0.76716,-0.955173,-1.122188,0.198878,0.689659,-1
3.948598,-1.124083,0.186678,0.097108,1.666958,-1
-1.960766,0.187409,-0.12347,0.060845,-0.103979,1
-1.891875,0.100389,0.649665,0.124546,0.056875,1
-1.784382,0.0498,0.343225,0.088192,0.079386,1
2.623931,-0.865908,-1.175647,1.598446,0.722532,-1
3.134594,-1.591588,-1.03273,-1.562516,-0.630834,-1
2.418607,-0.764785,0.259269,0.644375,-0.554946,-1
-0.067579,-0.432406,-0.085323,0.040722,0.669372,-1
4.893566,0.338715,0.809239,0.334201,-0.824787,-1
-2.068258,0.237998,0.182971,0.097199,-0.12649,1
5.835782,1.044648,0.453911,-0.70776,1.122771,-1
-1.584233,0.014201,-0.362508,0.077821,-0.013635,1
2.726925,-0.386432,0.376347,0.135371,1.069186,-1
3.019607,-0.631407,-1.453271,1.413326,-1.215989,-1
2.141385,-0.765555,0.920915,0.498709,0.349313,-1
-1.863202,-0.032216,-0.397697,-0.157255,0.324397,1
4.347097,4.537996,-1.549719,1.014806,-0.589842,-1
-2.185679,0.119549,0.521625,-0.048193,0.256862,1
-1.603844,-0.007867,-0.656224,-0.016367,0.043982,1
-2.033813,0.194487,0.569538,0.129049,-0.046064,1
-1.774454,0.218837,0.311011,0.269937,-0.326478,1
2.88368,-1.742721,-0.099315,-2.365959,-0.09439,-1
-1.549788,-0.029309,0.02406,0.109672,0.066792,1
5.132968,3.39646,-0.495006,-2.18328,0.786012,-1
-1.67689,-0.000788,0.036784,0.051838,0.101898,1
2.570445,0.075442,0.379024,0.91539,-1.64428,-1
-1.706756,-0.040993,0.654726,-0.172377,-0.011421,1
-1.019213,-0.019983,-0.292425,-0.309243,-0.169282,1
-1.960766,0.187409,-0.12347,0.060845,-0.103979,1
-0.80393,-0.150087,-0.299199,-0.081804,0.374696,1
0.838041,1.29246,-1.256162,0.637721,0.222477,-1
-2.17575,0.288586,0.489412,0.133553,-0.149002,1
-1.496351,-0.058455,-0.962665,-0.052721,0.066494,1
2.577844,-1.20554,0.46838,-1.701038,-0.401418,-1
-1.745781,0.086232,-0.736351,-0.011863,-0.058956,1
1.489295,-0.067635,-1.271543,0.062293,-0.722334,-1
-1.01126,0.084286,0.055975,-0.649034,-0.337671,1
0.617846,-0.477328,-1.036052,0.499484,0.139391,1
-1.654671,0.121664,0.549091,0.311435,-0.161149,1
1.388782,4.255194,-2.357773,-0.932158,0.950099,-1
-1.603844,-0.007867,-0.656224,-0.016367,0.043982,1
2.229312,-0.86743,-0.040674,-0.193462,-1.213002,1
-1.891875,0.100389,0.649665,0.124546,0.056875,1
-1.711336,0.042722,-0.349783,0.019987,0.021471,1
5.078368,0.416373,-0.429249,-1.777282,-1.123726,-1
4.127836,4.739477,-0.218378,1.850946,-0.272039,-1
1.855468,-1.083347,-1.302024,-1.231614,-1.109368,-1
-1.569398,-0.051377,-0.269657,0.015484,0.124409,1
1.295695,-0.78967,-1.046838,-0.604576,-1.287506,-1
4.563245,4.538153,0.721398,0.433368,-0.123487,-1
-2.17575,0.288586,0.489412,0.133553,-0.149002,1
-2.17575,0.288586,0.489412,0.133553,-0.149002,1
1.301852,-0.573556,0.758284,0.290718,-0.612156,1
1.929833,-0.542561,-1.106651,-0.639326,-0.108693,-1
-1.603844,-0.007867,-0.656224,-0.016367,0.043982,1
0.059899,-0.17167,0.995806,-0.104746,0.480812,1
0.522594,-1.154925,-1.802007,-1.108119,0.796107,-1
-1.818828,0.09331,-0.043343,0.056341,-0.001041,1
4.973145,-1.359553,-0.235952,0.74891,0.448823,-1
-1.691726,0.06479,-0.056067,0.114176,-0.036147,1
-1.891875,0.100389,0.649665,0.124546,0.056875,1
-1.784382,0.0498,0.343225,0.088192,0.079386,1
-1.6869,0.29708,0.590299,0.191114,-0.823149,1
3.830284,-0.055695,-0.193445,0.613281,-1.684597,-1
-1.334803,-0.130486,-0.588822,0.036964,0.111815,1
-1.461906,-0.101965,-0.576097,-0.02087,0.146921,1
-1.334803,-0.130486,-0.588822,0.036964,0.111815,1
3.209789,0.576297,-1.331248,-0.148358,1.078671,-1
2.517032,-0.520575,-0.461568,-2.770505,0.821596,-1
-1.898073,0.076513,0.497002,-0.311831,-0.251446,1
-1.603844,-0.007867,-0.656224,-0.016367,0.043982,1
0.469185,-0.755796,-1.521085,0.011566,0.09362,-1
-2.033813,0.194487,0.569538,0.129049,-0.046064,1
3.947073,-1.218364,-0.908998,0.239834,-2.501898,-1
-1.349639,-0.064908,-0.681673,0.099302,-0.02623,1
-1.727704,0.156655,0.174295,-0.26492,-0.094295,1
-1.249375,0.004514,-0.564691,0.158974,-0.080397,1
-0.68943,-0.131009,-0.394747,0.242591,-0.311122,1
-1.475665,0.112353,0.166573,-0.140369,-0.174274,1
-1.853274,0.136821,-0.42991,0.024491,-0.081467,1
-1.818828,0.09331,-0.043343,0.056341,-0.001041,1
-2.17575,0.288586,0.489412,0.133553,-0.149002,1
-2.033813,0.194487,0.569538,0.129049,-0.046064,1
-0.795075,0.339664,1.001902,0.08576,0.643431,1
-2.068258,0.237998,0.182971,0.097199,-0.12649,1
-1.745781,0.086232,-0.736351,-0.011863,-0.058956,1
-2.043741,0.02545,0.601752,-0.052696,0.359801,1
-1.603844,-0.007867,-0.656224,-0.016367,0.043982,1
-1.555584,0.071481,0.386532,0.045481,-0.088922,1
-2.068258,0.237998,0.182971,0.097199,-0.12649,1
-1.960766,0.187409,-0.12347,0.060845,-0.103979,1
2.015936,-1.211697,-0.803532,-0.919784,-0.923095,-1
-1.816277,0.152032,0.304187,0.239256,0.189142,1
-1.67689,-0.000788,0.036784,0.051838,0.101898,1
0.720177,-0.466777,0.439266,-0.014323,-1.516105,-1
-1.853274,0.136821,-0.42991,0.024491,-0.081467,1
-1.891875,0.100389,0.649665,0.124546,0.056875,1
-0.815068,0.02529,-0.141416,0.154409,-0.236552,1
-1.853274,0.136821,-0.42991,0.024491,-0.081467,1
-1.512719,0.055478,-0.438586,-0.337628,-0.049272,1
-1.818828,0.09331,-0.043343,0.056341,-0.001041,1
-2.043741,0.02545,0.601752,-0.052696,0.359801,1
-1.436276,0.325203,0.793406,0.656272,-0.851903,1
-1.728337,0.121038,-0.424909,0.091208,-0.126341,1
-2.17575,0.288586,0.489412,0.133553,-0.149002,1
-2.17575,0.288586,0.489412,0.133553,-0.149002,1
-1.784382,0.0498,0.343225,0.088192,0.079386,1
6.068333,1.993578,1.078795,-0.243811,0.140376,-1
-2.043741,0.02545,0.601752,-0.052696,0.359801,1
3.462441,-1.423916,1.551728,-0.054745,1.565907,-1
-1.92632,0.143899,0.263098,0.092695,-0.023552,1
5.602155,-1.712808,0.920135,0.185419,0.654003,-1
-1.366007,0.049026,-0.157594,-0.185606,-0.141995,1
-1.362786,0.431248,0.336715,0.762359,-1.125015,1
2.604379,1.526325,-0.688307,-0.914912,0.107653,-1
-1.683089,-0.024664,-0.115879,-0.38454,-0.206423,1
-1.942688,0.257832,0.787177,-0.192212,-0.139318,1
-1.12523,-0.059413,-0.473975,0.091862,0.18154,1
-1.114796,-0.202255,0.039123,-0.053817,-0.091251,1
-1.845758,0.00259,-0.086255,-0.054184,0.257012,1
-0.756859,0.304636,-0.442929,-0.206092,0.324674,1
-2.327617,0.213648,0.441498,-0.043689,0.153924,1
-1.708785,0.101443,-0.002254,0.202902,0.211654,1
6.468516,1.284113,-0.050328,-0.934464,1.448014,-1
-1.711336,0.042722,-0.349783,0.019987,0.021471,1
-1.243338,0.555392,-0.646803,-0.195184,-0.059749,1
-1.405227,0.00489,-0.745026,-0.373982,-0.02676,1
3.310847,-1.285495,0.735182,-0.150673,-0.367641,-1
-1.459297,-0.001581,-0.357506,0.144538,-0.058508,1
-1.354413,-0.152554,-0.882538,-0.057224,0.169432,1
4.921367,-2.071331,-0.000844,-1.005257,0.757026,-1
-1.736743,0.121444,-0.281028,-0.138392,-0.076625,1
3.900517,-0.970718,1.195578,-0.84995,1.671036,-1
-1.583848,0.085661,0.002748,0.269619,0.166781,1
-2.17575,0.288586,0.489412,0.133553,-0.149002,1
-0.970555,-0.179394,-0.573181,0.299193,0.254297,1
3.830284,-0.055695,-0.193445,0.613281,-1.684597,-1
2.439874,-1.006524,-0.439221,-2.674679,-0.025935,-1
4.571326,-1.490962,0.251897,0.054332,0.213041,-1
-1.613772,-0.176904,-0.624011,-0.198112,0.449847,1
-1.198277,-0.052335,0.219033,0.160067,0.239455,1
-1.711336,0.042722,-0.349783,0.019987,0.021471,1
-1.960766,0.187409,-0.12347,0.060845,-0.103979,1
2.485195,-0.37668,-0.629545,-2.636947,0.53574,-1
-1.784382,0.0498,0.343225,0.088192,0.079386,1
-1.891875,0.100389,0.649665,0.124546,0.056875,1
-2.043741,0.02545,0.601752,-0.052696,0.359801,1
1.753969,-1.336432,-0.763596,-1.226081,-0.437251,-1
3.569345,2.50469,1.281579,-2.380618,0.717824,-1
4.896752,-1.334486,1.661308,-0.315596,-2.539485,-1
-1.329092,-0.143615,-0.062353,-0.205774,-0.158147,1
-1.116458,-0.445836,0.608096,0.017486,0.714086,1
-1.891875,0.100389,0.649665,0.124546,0.056875,1
-1.960766,0.187409,-0.12347,0.060845,-0.103979,1
-1.790155,-0.039295,-1.090705,-0.225459,0.266482,1
-1.328032,0.426874,-0.627709,-0.165859,0.221264,1
4.910788,-1.344968,-0.436707,0.14685,-2.434636,-1
-1.796609,0.215763,0.468964,0.315938,-0.264087,1
-1.459355,-0.043244,-0.228567,0.162044,0.337104,1
-1.818828,0.09331,-0.043343,0.056341,-0.001041,1
-0.000427,-0.424376,-0.014037,-0.266119,0.537128,-1
3.261242,-1.301573,1.632414,-1.049877,-0.007413,-1
-1.891875,0.100389,0.649665,0.124546,0.056875,1
-1.252815,-0.188033,-0.424685,-0.332214,0.117615,1
-1.267553,-0.036774,-0.919358,-0.095431,-0.101814,1
-1.698022,-0.044766,0.193092,-0.496647,-0.263082,1
-2.17575,0.288586,0.489412,0.133553,-0.149002,1
1.308609,0.226263,-0.170634,-1.322299,0.41805,1
3.359671,-0.642548,2.642588,-0.005318,-1.012498,-1
-1.67689,-0.000788,0.036784,0.051838,0.101898,1
3.661602,-0.237283,-1.238687,0.469398,0.675204,-1
-1.92632,0.143899,0.263098,0.092695,-0.023552,1
-2.17575,0.288586,0.489412,0.133553,-0.149002,1
-1.970694,0.018372,-0.091256,-0.120901,0.301885,1
-0.432749,-0.404894,-1.467246,0.117269,0.233043,1
2.760513,-0.728808,0.267319,-0.497869,0.42529,-1
-1.891875,0.100389,0.649665,0.124546,0.056875,1
5.487833,3.806882,-0.40555,-0.613729,0.626992,-1
1.231815,-0.396465,0.481443,0.887231,1.582085,-1
-1.620845,0.07045,-0.73135,0.054854,-0.103829,1
-2.17575,0.288586,0.489412,0.133553,-0.149002,1
2.98498,-0.984665,-0.205675,1.149327,1.400957,-1
3.566102,-0.681051,1.389595,1.137609,-0.030604,-1
-2.10753,0.229914,0.523677,0.249432,0.579313,1
2.695028,-0.931454,-1.181469,1.419706,0.74746,-1
-1.798281,0.014603,0.575977,-0.248734,-0.132958,1
-1.891875,0.100389,0.649665,0.124546,0.056875,1
-1.711336,0.042722,-0.349783,0.019987,0.021471,1
2.54327,0.418223,-1.437573,2.160277,-0.542097,-1
0.936202,1.500982,-2.152436,-0.366954,-0.062128,-1
3.950913,-0.338756,0.897496,1.328059,0.773127,-1
-1.774454,0.218837,0.311011,0.269937,-0.326478,1
-1.745781,0.086232,-0.736351,-0.011863,-0.058956,1
1.468772,0.227663,0.525734,1.147574,-2.617066,-1
1.113804,-0.917342,0.208109,-1.49599,-0.759043,-1
-1.711336,0.042722,-0.349783,0.019987,0.021471,1
-1.618679,0.057711,-0.749075,0.045971,-0.094062,1
3.432435,1.118732,-0.771109,1.494122,0.690848,-1
-2.068258,0.237998,0.182971,0.097199,-0.12649,1
-1.813726,0.210753,0.651717,0.422171,0.379325,1
-1.512719,0.055478,-0.438586,-0.337628,-0.049272,1
-1.603844,-0.007867,-0.656224,-0.016367,0.043982,1
-1.960766,0.187409,-0.12347,0.060845,-0.103979,1
-2.327617,0.213648,0.441498,-0.043689,0.153924,1
0.705272,-0.050493,-0.435723,1.805461,0.732998,-1
-1.92632,0.143899,0.263098,0.092695,-0.023552,1
-1.711336,0.042722,-0.349783,0.019987,0.021471,1
-1.818828,0.09331,-0.043343,0.056341,-0.001041,1
-2.033813,0.194487,0.569538,0.129049,-0.046064,1
3.304024,-0.68882,-1.1863,-0.023041,0.134407,-1
-1.354413,-0.152554,-0.882538,-0.057224,0.169432,1
1.997115,-0.439579,-1.208973,0.285808,1.034841,-1
-1.844235,0.172032,0.025413,-0.102038,-0.099137,1
-2.043741,0.02545,0.601752,-0.052696,0.359801,1
2.483093,0.609696,0.443443,-2.176972,-0.038448,-1
3.252802,-0.977774,0.084368,-0.806506,0.078266,-1
-1.863202,-0.032216,-0.397697,-0.157255,0.324397,1
-1.346702,0.065274,0.031113,0.474013,0.344369,1
-1.941253,0.123796,0.572069,-0.019412,-0.080211,1
-1.970694,0.018372,-0.091256,-0.120901,0.301885,1
-0.84277,0.143499,-1.506931,0.477518,-0.945072,1
2.374376,-0.09975,0.119007,-0.39802,1.37234,-1
1.193617,-0.941337,0.897005,-0.600861,0.961956,-1
-2.068258,0.237998,0.182971,0.097199,-0.12649,1
-1.457131,-0.014319,-0.375232,0.135656,-0.048741,1
-1.603844,-0.007867,-0.656224,-0.016367,0.043982,1
-1.476741,-0.036387,-0.668948,0.041467,0.008876,1
1.878248,-1.197946,0.438603,-0.553776,-0.85698,-1
3.354417,0.790518,0.680382,0.262865,-1.940532,-1
-1.67689,-0.000788,0.036784,0.051838,0.101898,1
0.878505,-0.428034,0.126108,0.595799,0.598202,1
-1.891875,0.100389,0.649665,0.124546,0.056875,1
-1.532763,2.353355,-0.023474,-0.482757,0.170884,1
1.041416,-0.246664,-1.712644,0.42124,0.917361,-1
-1.019181,-0.010712,-0.06421,0.748287,1.187882,1
2.286997,-0.59926,-0.777184,2.028386,1.184442,-1
-1.75757,0.11645,0.792237,-0.489135,-0.207613,1
5.843505,-0.529652,0.789472,-0.189756,-0.441244,-1
-1.207325,0.130251,0.492308,-0.108504,-0.076746,1
-2.17575,0.288586,0.489412,0.133553,-0.149002,1
0.750574,-1.099488,0.535965,-0.9232,-0.321935,-1
-1.960766,0.187409,-0.12347,0.060845,-0.103979,1
2.331713,-1.424411,0.194958,-0.756752,-0.632018,-1
-1.277017,-0.006767,-0.093414,-0.091629,-0.57956,1
-1.461906,-0.101965,-0.576097,-0.02087,0.146921,1
2.422288,-0.553412,0.373857,-1.583252,1.216352,-1
4.817696,3.855393,-1.799975,-0.049846,-0.159529,-1
2.20817,-0.963382,0.938531,0.692203,-0.391108,-1
-1.818828,0.09331,-0.043343,0.056341,-0.001041,1
-1.779608,0.137446,0.54409,0.244718,-0.116276,1
-1.691726,0.06479,-0.056067,0.114176,-0.036147,1
-1.336969,-0.117748,-0.571096,0.045846,0.102047,1
-1.056339,-0.146434,0.29916,0.155563,0.342393,1
1.403238,-1.365888,-1.762668,-0.871108,-0.011156,-1
-1.491772,-0.14217,0.041844,-0.245085,0.033602,1
7.059181,3.649366,0.328197,0.295441,0.304644,-1
-1.818828,0.09331,-0.043343,0.056341,-0.001041,1
-1.584233,0.014201,-0.362508,0.077821,-0.013635,1
-1.891875,0.100389,0.649665,0.124546,0.056875,1
-1.931474,0.062508,0.496176,0.067476,0.18665,1
-1.716341,0.191656,-0.073026,0.089625,-0.441053,1
-2.068258,0.237998,0.182971,0.097199,-0.12649,1
-0.937602,1.252697,0.008472,0.123055,-0.165533,1
-1.666962,0.168249,0.004571,0.233583,-0.303966,1
4.414245,2.411261,1.710988,-0.167609,0.42699,-1
-1.960766,0.187409,-0.12347,0.060845,-0.103979,1
-1.917281,0.17911,0.718421,-0.033833,-0.041221,1
0.750574,-1.099488,0.535965,-0.9232,-0.321935,-1
-1.579459,0.101847,-0.161643,0.234348,-0.209297,1
-1.461906,-0.101965,-0.576097,-0.02087,0.146921,1
-1.512719,0.055478,-0.438586,-0.337628,-0.049272,1
-1.603844,-0.007867,-0.656224,-0.016367,0.043982,1
0.984123,2.748326,-0.986106,-1.118343,0.29894,-1
-1.711336,0.042722,-0.349783,0.019987,0.021471,1
3.553246,-0.92292,1.405602,0.581135,-0.106771,-1
-1.691726,0.06479,-0.056067,0.114176,-0.036147,1
-1.891875,0.100389,0.649665,0.124546,0.056875,1
-1.844235,0.172032,0.025413,-0.102038,-0.099137,1
-1.648241,0.056491,0.785824,0.019497,0.026611,1
4.374984,0.06909,-0.477731,1.033275,0.844345,-1
-1.449426,0.125793,-0.260781,0.34379,-0.06876,1
4.295583,-0.696473,1.261892,-0.565296,-0.814413,-1
-1.511284,-0.078558,-0.653694,-0.164828,0.009835,1
-1.818828,0.09331,-0.043343,0.056341,-0.001041,1
1.529908,-1.206501,-0.745704,-1.330794,0.134902,-1
-2.033813,0.194487,0.569538,0.129049,-0.046064,1
-1.668155,-0.004561,-0.42485,-0.272432,-0.149763,1
-1.4938,0.000266,-0.615135,0.130194,0.256677,1
-1.569398,-0.051377,-0.269657,0.015484,0.124409,1
-2.211086,0.198271,0.590381,-0.206572,0.158766,1
5.466949,-1.312495,-0.623396,1.966361,-0.64951,-1
1.483971,-0.613405,-0.337715,0.658614,-0.842685,1
-1.566847,0.007345,0.077873,0.198398,0.314592,1
0.246008,-0.307667,0.776943,-1.663837,-0.689988,1
1.819061,-1.211522,-0.425429,-0.303626,0.35448,-1
-1.005258,0.117757,-0.465099,0.420168,-0.01163,1
-1.237439,-0.054808,-0.497339,-0.045816,-0.040922,1
0.372401,-0.604401,0.070731,-0.485098,0.904946,-1
5.51634,0.883044,1.064779,0.488782,-1.198006,-1
-1.891875,0.100389,0.649665,0.124546,0.056875,1
-1.673896,0.171056,0.620631,0.409043,0.076884,1
6.80702,3.046746,0.455633,-1.11948,1.323096,-1
-1.666519,0.281371,0.240887,0.407874,-0.519163,1
1.598574,0.194318,-1.578318,-0.74378,0.535486,-1
2.291392,-1.427402,0.568407,-0.513831,-0.676442,-1
4.149502,-1.150211,-1.078387,0.948742,-2.598402,-1
3.788268,-1.197812,1.7727,-0.061773,1.155135,-1
-1.745781,0.086232,-0.736351,-0.011863,-0.058956,1
-1.405227,0.00489,-0.745026,-0.373982,-0.02676,1
2.876518,0.723594,1.616137,-1.769144,-1.418723,-1
-1.618679,0.057711,-0.749075,0.045971,-0.094062,1
-1.701407,0.211759,-0.381997,0.201733,-0.384393,1
-1.923712,0.244283,0.481689,0.258104,-0.228981,1
1.628986,-1.038887,-0.179665,-1.991846,-0.126741,-1
-0.65357,-0.246945,-0.219009,-0.066165,-0.281921,1
1.133669,-0.560808,0.79466,-0.086531,-0.555644,-1
-0.860396,-0.087935,-0.78997,0.410742,-0.324232,1
-0.593471,-0.371856,1.144699,0.339312,0.526206,1
-2.033813,0.194487,0.569538,0.129049,-0.046064,1
3.267915,0.22107,-1.218718,0.820197,-0.966337,-1
1.572166,-1.160624,0.818127,-2.338148,-0.324043,-1
-1.351862,-0.093832,-0.535008,0.12569,0.359615,1
-2.092086,0.033764,0.447936,-0.421472,0.067029,1
-1.334803,-0.130486,-0.588822,0.036964,0.111815,1
1.373376,-0.56938,1.327247,0.53139,-0.314695,-1
-1.354413,-0.152554,-0.882538,-0.057224,0.169432,1
-0.869322,-0.009813,0.136102,-0.653537,-0.234733,1
-1.414691,0.034897,0.080917,-0.37018,-0.504506,1
-2.112632,0.112471,-0.171383,-0.116397,0.198947,1
-1.4938,0.000266,-0.615135,0.130194,0.256677,1
-1.526218,-0.09866,-0.344723,-0.276936,-0.046825,1
-1.461906,-0.101965,-0.576097,-0.02087,0.146921,1
-1.657923,0.20346,0.459894,0.107055,-0.321636,1
-1.891875,0.100389,0.649665,0.124546,0.056875,1
-1.784382,0.0498,0.343225,0.088192,0.079386,1
-1.238634,3.990462,0.128132,-0.881369,0.371404,1
2.599106,-0.673181,-0.388018,-0.189948,-1.461213,-1
3.019082,-0.696678,1.076133,0.601565,0.410288,1
1.601802,-0.784534,-0.141784,0.190136,-0.097844,-1
-2.17575,0.288586,0.489412,0.133553,-0.149002,1
2.874808,0.41692,1.003299,0.701983,-0.104881,-1
2.435403,2.74902,-2.082882,-1.349861,0.317014,-1
-1.512719,0.055478,-0.438586,-0.337628,-0.049272,1
0.88888,0.409297,-2.128096,-0.107113,-0.114194,-1
-1.67689,-0.000788,0.036784,0.051838,0.101898,1
-1.818828,0.09331,-0.043343,0.056341,-0.001041,1
-1.67689,-0.000788,0.036784,0.051838,0.101898,1
-1.620212,0.106067,-0.132145,-0.301274,-0.071783,1
3.943891,-1.142305,1.057018,0.436326,0.444086,-1
-1.4938,0.000266,-0.615135,0.130194,0.256677,1
0.641609,-0.699452,-0.221865,-0.474677,-1.281323,-1
6.024727,2.995794,-0.127574,0.858796,-0.316206,-1
-1.21694,0.101085,-0.691159,0.356647,-0.486734,1
-1.569398,-0.051377,-0.269657,0.015484,0.124409,1
-1.684954,0.62215,-0.094954,-0.088648,0.073303,1
-0.813592,-0.619669,-0.604943,-0.185764,0.839238,1
-2.185679,0.119549,0.521625,-0.048193,0.256862,1
4.357126,-0.966948,-0.214626,1.637076,0.578102,-1
-1.459355,-0.043244,-0.228567,0.162044,0.337104,1
2.263589,-1.105746,0.970218,0.71616,1.027963,-1
-1.853274,0.136821,-0.42991,0.024491,-0.081467,1
-2.033813,0.194487,0.569538,0.129049,-0.046064,1
-2.17575,0.288586,0.489412,0.133553,-0.149002,1
-1.459297,-0.001581,-0.357506,0.144538,-0.058508,1
1.443836,-0.679045,-1.708356,-1.06949,0.15484,-1
6.777842,3.809915,-0.446355,-0.456199,-0.461214,-1
-1.921546,0.231545,0.463963,0.249221,-0.219214,1
4.28011,0.080025,-1.483634,0.831356,-2.406279,-1
-1.960766,0.187409,-0.12347,0.060845,-0.103979,1
5.944814,0.129768,-0.040047,-0.131503,0.310317,-1
-2.17575,0.288586,0.489412,0.133553,-0.149002,1
-1.784382,0.0498,0.343225,0.088192,0.079386,1
-1.960766,0.187409,-0.12347,0.060845,-0.103979,1
-1.92632,0.143899,0.263098,0.092695,-0.023552,1
-1.603844,-0.007867,-0.656224,-0.016367,0.043982,1
2.185184,-1.070379,-0.226689,0.131615,1.058877,-1
-1.058843,-0.53583,0.672437,-1.211607,-0.250456,1
1.581574,0.252928,-0.827425,-0.339847,-0.484635,-1
2.231269,-0.307312,-0.757924,2.005934,0.345328,-1
-2.17575,0.288586,0.489412,0.133553,-0.149002,1
-1.028694,-0.168318,-0.984065,-0.357006,0.063584,1
1.313437,-0.78379,-0.129289,-0.201358,-0.855936,-1
-1.891875,0.100389,0.649665,0.124546,0.056875,1
4.329835,-1.460419,0.032427,-0.286574,-0.548883,-1
-1.891875,0.100389,0.649665,0.124546,0.056875,1
-2.17575,0.288586,0.489412,0.133553,-0.149002,1
-1.38714,-0.142484,-0.562978,-0.23194,0.271771,1
3.955143,4.198847,-1.120714,-1.276989,-0.869621,-1
-2.033813,0.194487,0.569538,0.129049,-0.046064,1
-1.569398,-0.051377,-0.269657,0.015484,0.124409,1
6.351535,4.063793,1.546369,0.886241,0.317042,-1
-1.921546,0.231545,0.463963,0.249221,-0.219214,1
-2.17575,0.288586,0.489412,0.133553,-0.149002,1
-1.853274,0.136821,-0.42991,0.024491,-0.081467,1
-1.707708,0.250183,0.833267,0.021065,0.028504,1
1.530634,-1.415462,-1.575021,-0.574903,1.267414,-1
-1.006671,-0.217227,0.331887,-0.446299,-0.036693,1
-1.435423,-0.031947,0.190668,-0.044328,0.061867,1
-0.526993,-0.069215,-0.50844,0.64055,-0.653996,1
-1.667851,0.034423,0.492107,-0.074691,0.084228,1
3.743478,0.484648,0.991576,0.275908,-0.316136,-1
-1.544077,-0.042438,0.550528,-0.133065,-0.20317,1
1.936355,-0.899347,0.370615,-1.241185,-0.39169,-1
1.082484,-0.217302,-0.436988,0.904681,-0.787056,-1
-1.569398,-0.051377,-0.269657,0.015484,0.124409,1
2.163498,-0.155483,1.103714,1.4424,-0.013201,1
4.789352,0.071167,-0.030418,1.488391,0.947753,-1
-1.100209,-0.209595,-0.907987,0.058444,0.09922,1
3.093122,-1.205083,-0.336595,0.659691,0.842391,-1
-2.220124,0.163059,0.135057,-0.080043,0.176436,1
-1.960766,0.187409,-0.12347,0.060845,-0.103979,1
-1.67689,-0.000788,0.036784,0.051838,0.101898,1
-2.078187,0.068961,0.215184,-0.084547,0.279374,1
2.367947,-0.646973,1.283728,0.979285,1.693755,-1
-1.676447,0.112335,0.273101,0.226129,-0.113299,1
-1.891875,0.100389,0.649665,0.124546,0.056875,1
3.870093,-1.37561,0.183283,-0.088216,0.441781,-1
-0.407283,-0.120109,0.108098,1.170338,1.626462,1
2.583021,-0.749211,-1.263111,-1.400908,-0.932088,-1
0.600047,-0.544578,-0.998644,0.446484,-0.768876,-1
5.601026,2.560317,-0.224143,-0.6443,-1.849497,-1
-1.112312,-0.148096,-0.12945,-0.509518,0.161447,1
-1.569398,-0.051377,-0.269657,0.015484,0.124409,1
-1.259148,-0.03718,-1.063239,0.134168,-0.15153,1
-0.96082,0.888092,0.872721,1.551489,-2.572409,1
4.075469,0.316517,0.768249,-1.088406,1.00073,-1
3.297519,-1.165625,0.435891,0.446899,0.954399,-1
0.848027,-0.457483,-0.271981,1.129121,1.476903,-1
5.012549,1.286517,-0.931922,0.511093,0.750397,-1
-2.033813,0.194487,0.569538,0.129049,-0.046064,1
-0.845233,-0.123716,-0.202924,0.557707,0.38984,1
3.572903,-1.496772,-0.31942,-0.872039,0.290637,-1
3.414311,-1.527063,-0.870046,0.090882,1.186939,-1
3.43307,-0.28444,-0.028878,0.800842,0.877627,-1
-2.17575,0.288586,0.489412,0.133553,-0.149002,1
-1.960766,0.187409,-0.12347,0.060845,-0.103979,1
-1.099766,-0.096472,-0.67167,0.232735,-0.115976,1
-1.970694,0.018372,-0.091256,-0.120901,0.301885,1
1.865778,-0.24434,-1.556683,0.810031,1.651058,-1
4.174209,0.855985,2.115004,-0.17387,-0.256665,-1
3.728226,-1.36937,-0.340911,0.514594,0.318526,-1
6.317112,-1.463644,0.805349,0.858034,-0.535189,-1
1.044995,-0.345698,1.539803,-0.587018,0.082654,-1
-1.891875,0.100389,0.649665,0.124546,0.056875,1
-1.745781,0.086232,-0.736351,-0.011863,-0.058956,1
0.052966,-0.549962,-0.309394,-0.118618,-0.009101,1
-1.853274,0.136821,-0.42991,0.024491,-0.081467,1
5.048891,-1.537416,0.466889,0.253248,-0.399628,-1
-1.349639,-0.064908,-0.681673,0.099302,-0.02623,1
-0.519211,-0.275873,-0.578052,0.21479,0.177645,1
-1.717132,0.143512,0.012689,-0.044203,-0.134243,1
-1.921546,0.231545,0.463963,0.249221,-0.219214,1
-1.237762,-0.370573,0.82004,-0.478307,0.12616,1
4.006141,-0.969476,1.240747,1.198823,0.741635,-1
-1.784382,0.0498,0.343225,0.088192,0.079386,1
2.918457,0.121722,1.333877,-0.221811,0.456466,-1
-1.897648,0.011294,-0.784265,-0.189105,0.24397,1
3.05032,-0.447872,-0.709706,-2.454772,-0.377872,-1
0.715732,-0.557791,-0.079352,-0.724718,-1.522388,-1
-1.351902,-0.13785,-0.262125,-0.066261,0.045388,1
4.096681,-1.512375,0.058126,0.511275,1.034613,-1
-1.711336,0.042722,-0.349783,0.019987,0.021471,1
-1.459395,-0.087262,0.044316,-0.029907,0.022877,1
-1.818828,0.09331,-0.043343,0.056341,-0.001041,1
-2.185679,0.119549,0.521625,-0.048193,0.256862,1
-2.17575,0.288586,0.489412,0.133553,-0.149002,1
3.804583,2.365101,-0.792584,-0.615587,1.746268,-1
1.499664,-0.55101,-0.634558,1.425854,0.480374,1
2.79323,-1.030606,-0.769079,-0.512641,-1.681066,-1
-1.805514,0.005822,0.499532,-0.460293,-0.285593,1
-1.853274,0.136821,-0.42991,0.024491,-0.081467,1
2.741899,-0.812489,2.176776,0.775367,0.83404,-1
-1.441359,-0.180673,0.043222,-0.325946,0.015003,1
-1.595694,-0.10648,0.286636,-0.451169,0.414508,1
6.915624,3.635874,1.099915,-0.328797,-0.139507,-1
-1.67689,-0.000788,0.036784,0.051838,0.101898,1
-2.17575,0.288586,0.489412,0.133553,-0.149002,1
-1.590529,-0.095355,-0.113349,-0.533001,-0.24057,1
-1.818828,0.09331,-0.043343,0.056341,-0.001041,1
-1.710893,0.155845,-0.113467,0.194278,-0.193725,1
-1.366795,-0.113935,-0.226037,0.013583,0.302956,1
-1.569398,-0.051377,-0.269657,0.015484,0.124409,1
-1.745781,0.086232,-0.736351,-0.011863,-0.058956,1
4.607606,-0.301499,1.543513,-0.412833,0.992164,-1
2.658664,-1.190183,1.061917,0.404606,0.20013,-1
4.182297,0.013652,0.78801,-0.375643,-1.21749,-1
-0.405957,-0.443872,-0.749628,-0.138603,-0.257852,-1
3.744771,-1.250591,1.186665,-0.085708,0.305466,-1
-2.083191,0.217895,0.491942,-0.014909,-0.18315,1
-1.471966,0.051259,-0.468083,0.197994,-0.186785,1
-2.033813,0.194487,0.569538,0.129049,-0.046064,1
-1.745781,0.086232,-0.736351,-0.011863,-0.058956,1
3.588455,0.798033,0.936988,-0.285903,0.502103,-1
0.803692,-0.031008,1.579478,-0.215605,-0.57785,-1
2.549356,-0.780578,-1.647765,-0.654066,-0.317814,-1
-2.17575,0.288586,0.489412,0.133553,-0.149002,1
-0.359612,-0.035629,-2.315238,-0.956379,-0.122774,-1
-1.077938,0.057502,0.049822,0.238453,-0.755167,1
-2.033813,0.194487,0.569538,0.129049,-0.046064,1
-1.461906,-0.101965,-0.576097,-0.02087,0.146921,1
-1.74323,0.144954,-0.388821,0.171051,0.131227,1
-1.461906,-0.101965,-0.576097,-0.02087,0.146921,1
-1.67689,-0.000788,0.036784,0.051838,0.101898,1
2.07329,-1.277751,-0.873641,-0.176395,0.626304,-1
-1.586399,0.02694,-0.344782,0.086704,-0.023402,1
-1.90671,0.165967,0.556814,0.186884,-0.08117,1
-1.818828,0.09331,-0.043343,0.056341,-0.001041,1
0.577248,-0.935901,-1.416168,-0.65085,0.126723,-1
-1.909436,0.041512,0.744323,-0.666377,0.095312,1
-2.327617,0.213648,0.441498,-0.043689,0.153924,1
3.146979,-0.477387,-0.020684,-1.519359,-0.175981,-1
-1.781831,0.108522,0.690755,0.271106,0.269569,1
-1.584233,0.014201,-0.362508,0.077821,-0.013635,1
-2.033813,0.194487,0.569538,0.129049,-0.046064,1
3.69297,2.462641,-1.672083,0.080115,1.610359,-1
4.657624,-1.479211,1.196809,-0.082846,0.906017,-1
-1.569398,-0.051377,-0.269657,0.015484,0.124409,1
-1.891875,0.100389,0.649665,0.124546,0.056875,1
-1.784382,0.0498,0.343225,0.088192,0.079386,1
3.037736,-0.990464,-0.94428,1.089029,0.858657,-1
-2.033813,0.194487,0.569538,0.129049,-0.046064,1
3.41354,0.212967,-0.792432,-0.976527,1.199572,-1
2.413829,-0.513041,-0.255528,-0.081173,1.158104,1
2.315367,-1.083409,1.67585,-0.379229,0.27551,-1
-1.936249,-0.025138,0.295311,-0.08905,0.382312,1
3.319345,-0.582109,-1.388167,1.6265,-2.719901,-1
-1.853274,0.136821,-0.42991,0.024491,-0.081467,1
2.27658,-0.952834,-0.932857,1.669676,1.79077,-1
1.756777,-0.776266,2.463463,-1.283451,0.251787,-1
-1.336336,-0.082131,0.028109,-0.310281,0.134093,1
4.753003,-1.588634,1.776539,-0.082911,1.024015,-1
-1.585766,0.062557,0.254422,-0.269424,0.008644,1
-1.784382,0.0498,0.343225,0.088192,0.079386,1
4.163215,0.329713,1.132265,-0.311398,-1.371829,-1
-2.033813,0.194487,0.569538,0.129049,-0.046064,1
-1.711336,0.042722,-0.349783,0.019987,0.021471,1
-2.023884,0.363524,0.537325,0.310795,-0.451928,1
-1.65728,0.02128,0.3305,0.146026,0.04428,1
2.362807,-1.471546,-1.956871,-0.383033,-0.77497,-1
-1.950148,-0.060335,0.528063,-0.425976,0.169968,1
3.815893,2.530762,0.929227,-0.878964,-1.51834,-1
6.494146,1.711282,1.319176,-0.257322,0.449191,-1
1.893585,-1.14164,0.980266,-1.562635,0.907737,-1
-2.185679,0.119549,0.521625,-0.048193,0.256862,1
-1.222724,3.229925,0.285773,-1.373428,0.536532,1
3.027265,-1.043608,1.652856,-0.22672,-0.57668,-1
-1.603844,-0.007867,-0.656224,-0.016367,0.043982,1
-1.584331,-0.071479,0.039314,-0.096624,0.06775,1
1.862982,-0.622747,0.978895,-1.941714,-0.571111,-1
-1.661251,0.155119,0.531039,-0.009154,-0.573928,1
-2.17575,0.288586,0.489412,0.133553,-0.149002,1
-0.597831,0.05473,0.287423,1.15315,0.737592,1
-0.133009,0.81693,-0.559613,0.111694,0.189817,-1
-2.043741,0.02545,0.601752,-0.052696,0.359801,1
-1.779608,0.137446,0.54409,0.244718,-0.116276,1
-1.022778,-0.47175,0.207158,-0.551015,0.171183,1
-1.818828,0.09331,-0.043343,0.056341,-0.001041,1
4.304777,-0.747431,-0.673239,2.789651,0.165577,-1
-1.711336,0.042722,-0.349783,0.019987,0.021471,1
-2.17575,0.288586,0.489412,0.133553,-0.149002,1
-1.487313,-0.023244,-0.507342,-0.179249,0.048825,1
-2.033813,0.194487,0.569538,0.129049,-0.046064,1
2.954552,-1.132318,1.067942,-0.752693,-0.678512,-1
1.657293,-0.099211,-0.929572,-0.461415,-0.285359,-1
-1.891875,0.100389,0.649665,0.124546,0.056875,1
2.256075,-0.511684,-0.378077,1.500065,0.997477,-1
1.544569,-0.606133,-0.064306,0.355313,-1.576871,-1
-2.033813,0.194487,0.569538,0.129049,-0.046064,1
-1.951727,0.222621,0.331854,-0.065684,-0.121648,1
3.100934,-1.593935,-1.152137,0.127905,0.845037,-1
-1.745781,0.086232,-0.736351,-0.011863,-0.058956,1
-2.327617,0.213648,0.441498,-0.043689,0.153924,1
3.348799,-1.282585,1.763479,-0.405836,0.316086,-1
0.52155,0.28682,1.06991,1.806442,-0.011236,1
2.291853,-1.378787,-1.22325,-1.024408,-0.840501,-1
2.579737,-0.30285,-1.778654,2.657715,-0.286116,-1
-1.666962,0.168249,0.004571,0.233583,-0.303966,1
-1.667851,0.034423,0.492107,-0.074691,0.084228,1
-1.495908,0.054668,-0.726348,0.12157,-0.148702,1
-1.442296,-0.079897,-0.282381,0.073318,0.089303,1
4.204588,-1.078243,-0.567056,1.352488,-0.259381,-1
-1.950148,-0.060335,0.528063,-0.425976,0.169968,1
-2.033813,0.194487,0.569538,0.129049,-0.046064,1
1.325509,-1.090555,-1.362233,-1.681928,0.05887,-1
-2.033813,0.194487,0.569538,0.129049,-0.046064,1
-1.92632,0.143899,0.263098,0.092695,-0.023552,1
3.86655,-0.651938,1.088732,0.767997,-1.597471,-1
4.09383,-0.215278,1.075416,-0.913705,-0.024461,-1
-2.17575,0.288586,0.489412,0.133553,-0.149002,1
-1.441359,-0.180673,0.043222,-0.325946,0.015003,1
1.792999,-0.699398,-1.537756,0.587791,0.190295,-1
-1.420232,-0.084789,0.760687,0.175976,0.303254,1
2.065286,-1.152681,-0.214624,-0.033808,0.828626,-1
-1.060052,-0.266234,0.005049,-0.152443,-0.090315,1
-1.63014,-0.06297,-0.099932,-0.48302,0.334081,1
-1.942688,0.257832,0.787177,-0.192212,-0.139318,1
1.422872,-1.353008,-1.891714,-0.765358,0.273262,-1
-2.185679,0.119549,0.521625,-0.048193,0.256862,1
-0.705314,0.21293,-0.388994,-0.460863,-0.210503,1
-1.92632,0.143899,0.263098,0.092695,-0.023552,1
-2.043741,0.02545,0.601752,-0.052696,0.359801,1
-1.781774,0.150185,0.561816,0.2536,-0.126043,1
3.792855,0.639118,0.253221,-1.12345,-0.659757,-1
-1.818828,0.09331,-0.043343,0.056341,-0.001041,1
4.393211,2.453041,1.299578,-1.147713,-0.440114,-1
4.046406,-1.30366,-0.531559,1.045403,1.320585,-1
-1.01658,-0.447874,0.359822,-0.114638,0.479503,1
-1.853274,0.136821,-0.42991,0.024491,-0.081467,1
-1.512733,0.027565,0.629218,0.306931,-0.058211,1
3.279863,-1.176413,-0.289955,0.006716,-1.677697,-1
-1.652505,0.108926,0.531365,0.302552,-0.151382,1
-0.091047,-0.425355,-1.084467,0.17162,0.061772,-1
-1.891875,0.100389,0.649665,0.124546,0.056875,1
3.840856,-0.304833,-0.581245,-0.157005,0.609652,-1
-1.853274,0.136821,-0.42991,0.024491,-0.081467,1
-1.891875,0.100389,0.649665,0.124546,0.056875,1
-0.135136,-0.26959,0.856053,-0.096619,0.510096,-1
-1.639179,-0.098182,-0.555255,-0.356491,0.35175,1
3.728171,-0.567335,0.558759,0.779984,0.503903,-1
-1.789387,0.198735,0.619982,0.15783,-0.383137,1
-1.336336,-0.082131,0.028109,-0.310281,0.134093,1
2.102376,0.772013,0.194481,2.272954,1.03535,-1
-1.675814,0.147951,0.872305,-0.129999,-0.081253,1
-2.17575,0.288586,0.489412,0.133553,-0.149002,1
3.34337,0.619824,0.148411,0.532033,1.243841,-1
-1.461906,-0.101965,-0.576097,-0.02087,0.146921,1
-1.745781,0.086232,-0.736351,-0.011863,-0.058956,1
-0.879471,-0.160067,-0.08266,-0.21402,-0.153184,1
-1.970694,0.018372,-0.091256,-0.120901,0.301885,1
-1.805514,0.005822,0.499532,-0.460293,-0.285593,1
-1.491577,0.029191,-0.7618,0.103805,-0.129168,1
-1.899939,0.723327,0.517927,-0.01594,0.02828,1
-1.818828,0.09331,-0.043343,0.056341,-0.001041,1
-1.14926,-0.15639,-0.491389,0.123789,0.538162,1
-1.226375,-0.28185,-0.569659,-0.398654,0.060026,1
-1.594805,0.027345,-0.200901,-0.142895,0.026313,1
1.462742,-0.549776,0.299693,-0.60213,-1.682915,1
6.702196,3.498811,-0.700535,-0.158304,0.136001,-1
3.817911,-0.166592,0.615617,2.51515,0.357151,-1
2.886402,0.869578,0.095892,-1.681734,0.618013,-1
-1.818828,0.09331,-0.043343,0.056341,-0.001041,1
-1.970694,0.018372,-0.091256,-0.120901,0.301885,1
-2.068258,0.237998,0.182971,0.097199,-0.12649,1
-1.818828,0.09331,-0.043343,0.056341,-0.001041,1
4.111141,-1.096378,0.309615,1.684912,0.998523,-1
-1.521139,0.027971,0.773099,0.077332,-0.008495,1
-1.726171,0.1083,-0.442635,0.082325,-0.116573,1
-1.198317,-0.096353,0.491916,-0.031884,-0.074772,1
-1.92632,0.143899,0.263098,0.092695,-0.023552,1
1.075996,-0.013096,0.828858,1.475147,-0.579977,1
-2.068258,0.237998,0.182971,0.097199,-0.12649,1
-1.923712,0.244283,0.481689,0.258104,-0.228981,1
4.2653,-1.030922,-0.57333,1.285698,-0.990655,-1
-1.259903,-0.345734,-0.089811,-1.076866,0.197489,-1
3.319345,-0.582109,-1.388167,1.6265,-2.719901,-1
4.260828,-1.266224,1.379158,0.371269,0.540634,-1
-1.349639,-0.064908,-0.681673,0.099302,-0.02623,1
-1.67689,-0.000788,0.036784,0.051838,0.101898,1
2.176472,-0.694825,-0.436141,-1.188174,1.075152,-1
1.629861,-0.932975,0.400602,-1.039013,-0.523875,-1
-1.818828,0.09331,-0.043343,0.056341,-0.001041,1
-1.818828,0.09331,-0.043343,0.056341,-0.001041,1
-1.182494,0.057575,-0.304591,0.388497,-0.406308,1
-2.033813,0.194487,0.569538,0.129049,-0.046064,1
1.618309,-1.130422,-1.236826,-0.401298,0.396585,-1
-1.618679,0.057711,-0.749075,0.045971,-0.094062,1
-1.598741,0.109576,0.038836,0.349462,0.424348,1
1.647119,-1.468024,-0.586549,-1.150756,-0.093847,-1
-0.866472,-0.216274,-0.289836,-0.821344,-0.226853,1
-1.391404,-0.09005,-0.817436,0.051114,0.093779,1
1.93579,-0.434716,0.114827,1.181346,-0.368536,-1
3.495317,-1.555249,-0.983082,0.118294,1.252307,-1
5.022755,2.436948,0.08279,-0.031064,-0.07514,-1
5.272829,0.851988,1.243749,-0.109081,0.570187,-1
5.036596,2.235399,-0.385563,0.415203,-0.67983,-1
0.882728,0.2269,-0.119062,2.206872,-0.882206,1
3.691789,-1.014551,-0.191274,0.234007,-2.387449,-1
3.044999,-1.11834,-0.252489,-1.34488,-0.399261,-1
1.629554,0.319297,-1.221073,-0.397452,-0.133853,-1
-1.207701,-0.159006,-0.601546,0.094798,0.076709,1
-1.818828,0.09331,-0.043343,0.056341,-0.001041,1
-1.775344,0.085012,0.798548,-0.038337,0.061717,1
-2.17575,0.288586,0.489412,0.133553,-0.149002,1
-1.891875,0.100389,0.649665,0.124546,0.056875,1
3.315423,0.733727,-0.561759,2.018722,-0.074268,-1
-2.033813,0.194487,0.569538,0.129049,-0.046064,1
-1.594805,0.027345,-0.200901,-0.142895,0.026313,1
-2.068258,0.237998,0.182971,0.097199,-0.12649,1
-2.17575,0.288586,0.489412,0.133553,-0.149002,1
2.362605,-0.259308,-0.73188,0.753751,0.390354,-1
3.492719,0.860864,0.366478,2.857837,-0.11195,-1
-1.90671,0.165967,0.556814,0.186884,-0.08117,1
3.233238,-0.952776,-0.726484,-0.668279,1.541167,-1
-2.033813,0.194487,0.569538,0.129049,-0.046064,1
